4474927,CS5001,WebDevelopment,C-
4474927,CS2015,EmbeddedSystems,A
4474927,CS6098,SoftwareTesting,C+
4474927,CS3912,Cryptocurrencies,D+
4474927,CS4001,DiscreteMath,D
4474927,EN5656,Statistics,A
2274517,CS7730,GameDevelopment,D
4704891,CS2222,ComputerGraphics,B
4704891,CS4003,DatabaseSystems,C-
1454435,CS8871,MobileAppDevelopment,B
3928883,CS2021,Algorithms,A-
5245771,EN2291,LinearAlgebra,C-
5245771,EN2291,LinearAlgebra,B+
3518146,CS8732,ReinforcementLearning,D+
2194416,BI2288,Economics,B-
2194416,EN4444,ICTFundamentals,B+
0055632,CS7777,SoftwareEngineering,B+
3535151,EN3245,Matlab,F
8631726,CS8871,MobileAppDevelopment,C+
8631726,EN3456,Analysis,D
8631726,CS2323,DigitalLogic,C
8631726,CS5600,HCI,A+
8631726,CS7730,GameDevelopment,B+
8631726,CS9001,DataScience,F
8631726,CS5600,HCI,F
2129058,CS8891,Robotics,C
7191274,CS2323,DigitalLogic,C-
9823916,EN4444,ICTFundamentals,D
9823916,CS3666,IntroToCS,D+
8579167,EN2099,IntroChemistry,C
1777253,CS8891,Robotics,F
8861228,CS8883,ComputerArchitecture,D+
8861228,CS8732,ReinforcementLearning,D
8861228,CS8765,ComputingInTheArts,A
3382790,CS2018,OOP Fundamentals,C+
3382790,BI1199,MarketDesign,A+
9120292,IN1121,E-Systems,B-
9120292,CS5001,WebDevelopment,A
9120292,CS2024,GameDesign,D-
7210838,CS3991,JavaAdvanced,D
5066520,CS9921,ArtificialIntelligence,A+
8885075,EN2234,AppliedLogic,D-
8885075,CS8833,UnityAdvanced,C
8885075,CS3666,IntroToCS,C-
0342724,CS8871,MobileAppDevelopment,A+
0342724,CS3098,Networks,B-
9365823,CS6098,SoftwareTesting,D
9365823,CS3080,OperatingSystems,B+
5428913,CS6799,UnityBasics,C+
5428913,CS9922,MachineLearning,B+
4224419,CS9921,ArtificialIntelligence,A-
0865700,CS5001,WebDevelopment,B+
0509028,CS9090,ComputerSecurity,A
0509028,CS2990,CProgramming,C-
1854523,CS9001,DataScience,B+
4882953,CS2023,UXPrinciples,A
1082659,CS6098,SoftwareTesting,D-
7575471,EN5002,Ciruits,D
5891412,IN1121,E-Systems,A-
6961039,CS9921,ArtificialIntelligence,D
6961039,CS1234,RProgramming,A-
6961039,EN2099,IntroChemistry,C-
1203702,CS9921,ArtificialIntelligence,A
1575051,CS9922,MachineLearning,D
0174882,EN3456,Analysis,A-
3110173,CS9091,NLP,C-
7193359,EN3245,Matlab,D
0773471,CS2023,UIDesign,B+
0773471,CS7730,GameDevelopment,D-
3202658,EN2000,ComplexSystems,B
8642692,CS4003,DatabaseSystems,B
8642692,CS8883,ComputerArchitecture,C+
0178547,CS8891,Robotics,B-
0178547,CS2018,OOP Fundamentals,B-
0178547,EN3245,Matlab,A
1023775,CS7070,QuantumInformationProcessing,A
1023775,EN4444,ICTFundamentals,C-
1023775,CS3990,JavaFundamentals,F
1023775,EN5002,Ciruits,D+
5221439,CS8871,MobileAppDevelopment,A
3220302,CS9090,ComputerSecurity,B+
3220302,CS9821,ComputationalGenomics,D-
3220302,CS4002,DataStructures,F
3220302,CS3666,IntroToCS,A+
3220302,CS4002,DataStructures,C+
2366788,CS2789,Compilers,B+
2366788,EN5656,Statistics,D-
0159562,CS3080,OperatingSystems,A
0159562,CS3912,Cryptocurrencies,D+
0159562,CS2222,ComputerGraphics,D-
0159562,CS1234,RProgramming,B-
0159562,CS8833,UnityAdvanced,B+
7605427,CS1467,ComputerVision,A
7605427,CS4040,CryptographyIntermediate,A-
1800404,CS1001,Python,C+
0887146,CS2021,Algorithms,D-
0887146,EN2099,IntroChemistry,C+
0887146,CS3030,CryptographyFundamentals,B-
0887146,CS4040,CryptographyIntermediate,D-
0887146,EN2099,IntroChemistry,D
6600443,CS7879,DistributedSystems,D-
6600443,CS8765,ComputingInTheArts,A-
6600443,CS9090,ComputerSecurity,B
6600443,BI1199,MarketDesign,B+
3097363,CS7777,SoftwareEngineering,A
0821088,CS4001,DiscreteMath,F
7671012,CS9821,ComputationalGenomics,B-
5447370,EN5002,Ciruits,C
5447370,CS1467,ComputerVision,C-
8394431,CS7879,DistributedSystems,D
6326587,BI1199,MarketDesign,D+
0276198,EN3245,Matlab,D
9134709,CS2018,OOP Fundamentals,D+
9134709,CS7879,DistributedSystems,C+
9134709,CS2019,UNIXToolsAndScripting,A-
8649856,CS5001,WebDevelopment,A-
8649856,CS4040,CryptographyIntermediate,A
8649856,CS2015,EmbeddedSystems,D
8649856,EN1289,NumericalAnalysis,C
8649856,CS1467,ComputerVision,D
8649856,CS1001,Python,D-
8325173,CS2222,ComputerGraphics,C
8325173,CS4002,DataStructures,A-
8325173,CS2015,EmbeddedSystems,A+
8422247,CS4040,CryptographyIntermediate,B-
7107717,CS3457,Java,C+
7107717,CS9091,NLP,C-
6609309,CS3030,CryptographyFundamentals,B+
7573238,EN4444,ICTFundamentals,A
8242081,CS9001,DataScience,B-
8452369,EN2099,IntroChemistry,A+
8452369,CS2323,DigitalLogic,C+
8452369,CS2023,UIDesign,B+
8452369,CS8833,UnityAdvanced,D-
8452369,CS7777,SoftwareEngineering,B-
8452369,CS3098,Networks,D-
2075412,EN3456,Analysis,B-
2474186,CS3666,IntroToCS,B-
9019191,CS5600,HCI,B-
9019191,CS2018,OOP Fundamentals,A-
9019191,CS3098,Networks,A+
9662656,CS2991,C++Programming,D+
9662656,CS4320,SoftwareAnalysis,A-
9662656,CS2023,UIDesign,F
3460316,CS2024,GameDesign,C
3535097,CS2022,AssemblyProgramming,D
4999168,CS9821,ComputationalGenomics,F
4999168,EN2291,LinearAlgebra,A-
4999168,EN2234,AppliedLogic,B+
0127120,CS6098,SoftwareTesting,A
0127120,BI2288,Economics,F
0127120,EN3245,Matlab,F
0479613,EN3456,Analysis,B-
0479613,CS5600,HCI,C-
0479613,CS8732,ReinforcementLearning,B+
0479613,CS9921,ArtificialIntelligence,B
0479613,CS1001,Python,C
0479613,CS8833,UnityAdvanced,C-
5908343,CS9876,IntroToCognitiveScience,B+
5908343,CS6799,UnityBasics,B+
0495188,CS4040,CryptographyIntermediate,B+
4242808,CS7643,TheroyOfComputing,C
4242808,CS1467,ComputerVision,B+
4242808,CS3990,JavaFundamentals,B
4242808,CS8833,UnityAdvanced,A+
3561282,CS8891,Robotics,C+
2694349,BI1199,MarketDesign,C
8278514,CS8732,ReinforcementLearning,C-
8278514,BI2288,Economics,C
1693429,CS9001,DataScience,D+
8437227,EN1000,Mechanics,A
8437227,CS2015,EmbeddedSystems,D-
9337287,CS2019,UNIXToolsAndScripting,C+
9337287,CS6098,SoftwareTesting,D
9337287,CS3912,Cryptocurrencies,B
9337287,CS2023,UXPrinciples,D-
1251591,BI1199,MarketDesign,C+
1251591,CS1467,ComputerVision,D-
1251591,BI1199,MarketDesign,F
6681004,CS8732,ReinforcementLearning,C-
6681004,EN2234,AppliedLogic,B
6681004,CS4040,CryptographyIntermediate,C+
6681004,CS2023,UIDesign,D+
6681004,CS8883,ComputerArchitecture,D+
6288798,CS1029,SmartSystems,D
8328404,CS3478,ComputationalLinguistics,F
9144865,CS7643,TheroyOfComputing,C+
9144865,CS8732,ReinforcementLearning,D
9144865,CS2990,CProgramming,D+
4357542,CS3478,ComputationalLinguistics,B+
4357542,EN5002,Ciruits,D+
1055364,CS8883,ComputerArchitecture,B-
1055364,EN5002,Ciruits,C-
1055364,CS9876,IntroToCognitiveScience,C
1774016,CS3991,JavaAdvanced,D-
1774016,CS2323,DigitalLogic,C+
6519735,CS2024,GameDesign,F
6519735,CS8883,ComputerArchitecture,B
6519735,CS8891,Robotics,D
5119168,CS2022,AssemblyProgramming,B
5119168,IN1121,E-Systems,A
5119168,EN1000,Mechanics,B
5298883,CS4320,SoftwareAnalysis,C-
5298883,CS4001,DiscreteMath,D+
5298883,CS3990,JavaFundamentals,C
6984428,CS5600,HCI,F
7651087,CS8883,ComputerArchitecture,B-
4960933,EN1289,NumericalAnalysis,A
8428218,CS7879,DistributedSystems,C
6679421,CS8732,ReinforcementLearning,D-
6679421,CS1029,SmartSystems,C+
7561621,CS9001,DataScience,B-
7561621,CS8883,ComputerArchitecture,A+
7561621,CS2222,ComputerGraphics,C-
7561621,CS9876,IntroToCognitiveScience,F
1356566,EN2000,ComplexSystems,B-
2060010,CS3030,CryptographyFundamentals,A-
9986229,CS1467,ComputerVision,C
9986229,CS1001,Python,A+
9986229,CS1029,SmartSystems,F
4682227,CS2991,C++Programming,B-
4682227,CS8883,ComputerArchitecture,C+
4016576,CS7070,QuantumInformationProcessing,D-
6839547,CS2323,DigitalLogic,C
6839547,CS4001,DiscreteMath,D+
7636973,CS7879,DistributedSystems,C+
8770941,EN1289,NumericalAnalysis,A
8770941,CS2323,DigitalLogic,B
5991697,CS2018,OOP Fundamentals,B-
5227857,CS2222,ComputerGraphics,D+
5227857,CS6098,SoftwareTesting,C
5227857,CS7777,SoftwareEngineering,B-
5227857,CS1001,Python,F
5227857,CS2023,UXPrinciples,A+
5227857,CS1467,ComputerVision,A+
5227857,EN3201,Calculus,D
4712629,CS3098,Networks,B-
4818531,CS4002,DataStructures,C-
4182706,CS2789,Compilers,C+
2646585,CS6060,Microprocessors,C-
2646585,CS2023,UXPrinciples,C
1466577,CS4321,VisualImaging,D
5999060,CS2991,C++Programming,D-
5999060,IN1121,E-Systems,A
5360457,EN2099,IntroChemistry,D-
5360457,BI2288,Economics,B+
5360457,CS4002,DataStructures,B
2470597,CS7879,DistributedSystems,D-
2470597,EN1289,NumericalAnalysis,D+
2470597,CS6799,UnityBasics,D-
2470597,EN4444,ICTFundamentals,C+
5781437,CS9001,DataScience,A
5781437,CS2323,DigitalLogic,D+
5781437,CS2222,ComputerGraphics,D+
3875925,CS8871,MobileAppDevelopment,D+
3875925,CS2024,GameDesign,A
3875925,CS2991,C++Programming,F
2864574,CS2019,UNIXToolsAndScripting,B-
5838571,CS8871,MobileAppDevelopment,C-
4376155,CS6799,UnityBasics,C-
9127348,CS9091,NLP,B
9127348,EN2291,LinearAlgebra,B
9127348,CS7777,SoftwareEngineering,D+
4925284,CS7643,TheroyOfComputing,D
1716722,CS7070,QuantumInformationProcessing,A
1716722,CS8732,ReinforcementLearning,C
1716722,CS2023,UIDesign,A-
3719980,CS8765,ComputingInTheArts,A+
3113894,BI2288,Economics,D-
2901444,IN1121,E-Systems,A
0701605,CS2023,UXPrinciples,A
0701605,CS3990,JavaFundamentals,F
0701605,CS6098,SoftwareTesting,D
0701605,CS9821,ComputationalGenomics,C+
0701605,CS2018,OOP Fundamentals,D-
0701605,CS8891,Robotics,A+
2882456,CS5600,HCI,C
2882456,EN2234,AppliedLogic,D
4867353,CS9090,ComputerSecurity,D
4867353,CS3080,OperatingSystems,D-
8164542,CS3080,OperatingSystems,A-
8164542,CS2991,C++Programming,F
8164542,CS4003,DatabaseSystems,D-
8164542,CS3457,Java,B+
8164542,CS8871,MobileAppDevelopment,B+
9379054,CS3080,OperatingSystems,B+
9379054,CS9922,MachineLearning,F
6232133,CS7070,QuantumInformationProcessing,B-
2643747,BI1199,MarketDesign,D+
6845312,CS3666,IntroToCS,D-
2625785,BI2288,Economics,C
8932484,CS7730,GameDevelopment,A-
4690797,CS7070,QuantumInformationProcessing,C
0224441,CS6098,SoftwareTesting,C
8576272,EN2000,ComplexSystems,A-
8576272,CS8871,MobileAppDevelopment,D-
8576272,CS1001,Python,A
7057776,CS3098,Networks,B
7057776,CS7777,SoftwareEngineering,C
8732505,EN1000,Mechanics,A+
9735677,CS3080,OperatingSystems,B+
9800725,CS2022,AssemblyProgramming,A+
1385124,CS7879,DistributedSystems,A
1385124,CS2018,OOP Fundamentals,A
5668881,CS3991,JavaAdvanced,C+
3781782,CS3912,Cryptocurrencies,A+
0356980,CS7643,TheroyOfComputing,A-
5853725,CS6799,UnityBasics,C
8521794,BI2288,Economics,B+
8521794,CS3912,Cryptocurrencies,D-
1082194,CS2222,ComputerGraphics,B
1157513,CS4320,SoftwareAnalysis,A-
1157513,CS8833,UnityAdvanced,A-
3173137,CS4321,VisualImaging,D-
3173137,EN5002,Ciruits,B-
3173137,CS2990,CProgramming,A-
2487682,CS3080,OperatingSystems,C-
2487682,CS5050,CryptographyAdvanced,B+
2487682,EN2000,ComplexSystems,C+
4559844,EN1000,Mechanics,C
4559844,CS2789,Compilers,C-
8547280,CS4002,DataStructures,A-
8629774,CS3991,JavaAdvanced,C-
8629774,CS8732,ReinforcementLearning,B+
7129646,CS9922,MachineLearning,C+
3182875,CS3912,Cryptocurrencies,C
5360189,CS8833,UnityAdvanced,B+
4779804,CS2323,DigitalLogic,B
4779804,CS1467,ComputerVision,D+
4779804,CS8891,Robotics,D+
9351280,CS2018,OOP Fundamentals,C
7838714,CS6060,Microprocessors,C
8657639,CS3030,CryptographyFundamentals,C+
2108465,CS2222,ComputerGraphics,A+
2108465,CS2019,UNIXToolsAndScripting,C+
4610824,CS7070,QuantumInformationProcessing,C-
4610824,BI2288,Economics,A+
8150260,CS9821,ComputationalGenomics,B
8150260,CS8871,MobileAppDevelopment,A+
8150260,CS2021,Algorithms,A+
8375098,CS4003,DatabaseSystems,D+
8375098,CS3080,OperatingSystems,C+
4011447,CS5050,CryptographyAdvanced,D-
4870221,CS7070,QuantumInformationProcessing,D
2786502,CS3457,Java,C-
2786502,CS9921,ArtificialIntelligence,F
2786502,CS4002,DataStructures,D-
3035508,CS4321,VisualImaging,C+
9906543,CS9001,DataScience,C+
9906543,CS3991,JavaAdvanced,A+
6512554,CS8883,ComputerArchitecture,A-
6512554,CS2024,GameDesign,F
0454688,CS3991,JavaAdvanced,C
0454688,BI2288,Economics,D
0454688,CS3098,Networks,D+
9499219,CS2021,Algorithms,A-
2958511,EN2099,IntroChemistry,F
0814424,CS9876,IntroToCognitiveScience,D
8911142,EN2099,IntroChemistry,D-
8911142,CS4320,SoftwareAnalysis,C+
8911142,CS2019,UNIXToolsAndScripting,A+
8911142,CS6060,Microprocessors,D-
0039784,CS2015,EmbeddedSystems,B
0039784,CS2991,C++Programming,D-
0039784,CS4320,SoftwareAnalysis,D
0129382,CS7879,DistributedSystems,A
0129382,CS3080,OperatingSystems,A-
9295267,CS6060,Microprocessors,B-
7290527,CS1467,ComputerVision,D
7691370,CS4040,CryptographyIntermediate,B-
3291502,CS3098,Networks,C
3291502,CS2018,OOP Fundamentals,A+
3291502,CS1001,Python,D-
3291502,CS1467,ComputerVision,B
8976602,EN4444,ICTFundamentals,A+
8976602,CS3990,JavaFundamentals,B+
8976602,CS2323,DigitalLogic,D+
8976602,CS2222,ComputerGraphics,C
8976602,CS1029,SmartSystems,C-
6222691,CS8891,Robotics,D
6222691,EN2099,IntroChemistry,D+
4702660,CS1001,Python,A-
4702660,CS3030,CryptographyFundamentals,B
4702660,CS2024,GameDesign,B+
4702660,CS2024,GameDesign,B
4702660,EN3456,Analysis,B
1490195,CS3457,Java,A+
1490195,CS8732,ReinforcementLearning,A-
1490640,CS7730,GameDevelopment,A
1490640,CS5600,HCI,D+
8888823,CS3912,Cryptocurrencies,D+
7484516,CS8883,ComputerArchitecture,A-
7484516,CS4321,VisualImaging,D
7484516,EN3201,Calculus,D
3730372,CS8871,MobileAppDevelopment,D-
0872358,CS2323,DigitalLogic,C
1089368,CS8732,ReinforcementLearning,F
1089368,CS2789,Compilers,D-
6542981,BI2288,Economics,D
6542981,CS2323,DigitalLogic,C-
6542981,CS6060,Microprocessors,A-
6542981,CS2023,UXPrinciples,D
1434776,CS3080,OperatingSystems,C-
1434776,CS9922,MachineLearning,F
1023179,EN1000,Mechanics,C-
1023179,CS3030,CryptographyFundamentals,B-
7619711,CS3098,Networks,A
7619711,CS7643,TheroyOfComputing,D+
9983118,CS7070,QuantumInformationProcessing,A+
9983118,CS3478,ComputationalLinguistics,D
9983118,CS2024,GameDesign,F
4868478,EN2099,IntroChemistry,C+
3797352,CS9001,DataScience,D-
1660814,EN1000,Mechanics,C
1660814,CS4321,VisualImaging,A+
4572488,CS7879,DistributedSystems,D-
4572488,CS3912,Cryptocurrencies,D-
1944943,CS9876,IntroToCognitiveScience,C-
2457674,CS3457,Java,D+
2457674,EN4444,ICTFundamentals,A
2180980,CS6060,Microprocessors,D
2180980,CS2018,OOP Fundamentals,C-
2180980,CS2022,AssemblyProgramming,B
2180980,CS2991,C++Programming,F
2180980,CS3666,IntroToCS,C
2180980,CS8732,ReinforcementLearning,A
2180980,EN3201,Calculus,D+
2180980,CS3080,OperatingSystems,C
8818520,CS8883,ComputerArchitecture,B+
4772164,CS2323,DigitalLogic,A
2715705,CS8883,ComputerArchitecture,B-
6336002,EN3456,Analysis,A+
5097362,CS4002,DataStructures,D+
2069762,CS2023,UIDesign,D+
1740542,CS3030,CryptographyFundamentals,A
1740542,CS5600,HCI,D
1740542,CS4320,SoftwareAnalysis,A-
1740542,CS2019,UNIXToolsAndScripting,B
1740542,CS4002,DataStructures,A-
1740542,CS3457,Java,B-
5704635,EN3245,Matlab,C-
3047240,CS2990,CProgramming,D-
3047240,CS1467,ComputerVision,C+
3189107,EN1289,NumericalAnalysis,B-
3189107,EN3245,Matlab,D+
3189107,EN5002,Ciruits,D
3189107,CS5001,WebDevelopment,C-
3189107,CS2023,UIDesign,D
5071789,CS4001,DiscreteMath,C-
5071789,CS8765,ComputingInTheArts,A+
5993846,BI2288,Economics,B-
5677946,EN3245,Matlab,C-
5677946,CS4321,VisualImaging,A
9415958,CS3080,OperatingSystems,B+
7244542,CS8765,ComputingInTheArts,D-
0043224,CS8871,MobileAppDevelopment,A+
0043224,CS3098,Networks,B
1301091,CS9090,ComputerSecurity,B-
0498815,CS4040,CryptographyIntermediate,A+
0498815,CS5050,CryptographyAdvanced,C
6085837,CS9090,ComputerSecurity,C
7828062,CS5600,HCI,C-
9092455,CS1001,Python,C
9092455,CS7777,SoftwareEngineering,F
9092455,CS7879,DistributedSystems,C+
7563221,CS3030,CryptographyFundamentals,A
5053730,CS3990,JavaFundamentals,A-
2296601,CS1234,RProgramming,C+
2296601,CS4040,CryptographyIntermediate,B
2296601,CS2789,Compilers,A+
3096292,CS5001,WebDevelopment,F
4589696,CS9921,ArtificialIntelligence,C-
7507259,CS8833,UnityAdvanced,B+
7507259,EN5656,Statistics,A
7507259,BI2288,Economics,D-
7507259,CS9876,IntroToCognitiveScience,D+
6944758,EN2234,AppliedLogic,C-
1355855,CS2323,DigitalLogic,D+
1355855,CS7070,QuantumInformationProcessing,A-
1355855,CS7777,SoftwareEngineering,B
3813391,EN3456,Analysis,A
8524795,EN3245,Matlab,C
2474443,CS2023,UXPrinciples,B-
0909529,CS8891,Robotics,B-
8935793,CS2222,ComputerGraphics,F
0601865,CS3666,IntroToCS,A+
0601865,CS8732,ReinforcementLearning,B+
0601865,EN3245,Matlab,B-
9667963,CS2990,CProgramming,B
3758882,CS2222,ComputerGraphics,D+
1892603,CS9090,ComputerSecurity,B
1892603,CS3478,ComputationalLinguistics,C+
5219041,CS9091,NLP,D
5219041,CS9091,NLP,A+
5219041,BI2288,Economics,D
5219041,CS5001,WebDevelopment,A
7881227,EN3245,Matlab,A-
9802704,CS2015,EmbeddedSystems,A-
0518028,CS5050,CryptographyAdvanced,F
0518028,EN5656,Statistics,A
0518028,CS2222,ComputerGraphics,A+
0518028,CS7070,QuantumInformationProcessing,A-
0518028,CS2019,UNIXToolsAndScripting,D-
0518028,CS6098,SoftwareTesting,B+
4511036,CS4040,CryptographyIntermediate,D
4511036,CS5050,CryptographyAdvanced,C-
4883336,CS9090,ComputerSecurity,A
4883336,CS4001,DiscreteMath,D-
1660119,CS8732,ReinforcementLearning,B+
8208489,CS2019,UNIXToolsAndScripting,C+
4555339,CS2222,ComputerGraphics,F
4555339,CS4002,DataStructures,A
3970666,CS8765,ComputingInTheArts,A-
2719123,IN1121,E-Systems,B
2719123,CS3478,ComputationalLinguistics,A+
2719123,CS2222,ComputerGraphics,C
2719123,CS8883,ComputerArchitecture,A
2719123,CS3080,OperatingSystems,A-
2719123,CS7070,QuantumInformationProcessing,C-
2719123,CS7879,DistributedSystems,C-
9001073,CS8891,Robotics,D+
7493812,CS9090,ComputerSecurity,C-
7493812,CS9821,ComputationalGenomics,C+
7493812,CS3457,Java,F
9428767,CS9001,DataScience,B
9428767,CS9922,MachineLearning,A+
6797176,CS4040,CryptographyIntermediate,B-
5052833,CS6799,UnityBasics,B+
5052833,EN5656,Statistics,D+
6491533,CS2019,UNIXToolsAndScripting,A+
6983586,CS3030,CryptographyFundamentals,A-
4345305,CS3990,JavaFundamentals,C-
3977922,CS9001,DataScience,C-
7798119,CS2021,Algorithms,D+
7798119,CS3080,OperatingSystems,C
7798119,CS7777,SoftwareEngineering,B
7798119,CS3457,Java,F
7798119,CS2015,EmbeddedSystems,C+
9806286,CS3098,Networks,B-
9806286,CS3457,Java,D-
9897283,CS4040,CryptographyIntermediate,B+
9897283,CS7777,SoftwareEngineering,B
9897283,IN1121,E-Systems,A-
9897283,CS2015,EmbeddedSystems,A-
8736308,CS9921,ArtificialIntelligence,A+
8736308,CS2023,UIDesign,B-
8736308,EN2234,AppliedLogic,C-
8736308,CS9876,IntroToCognitiveScience,A+
8736308,CS2023,UXPrinciples,B-
8736308,CS7730,GameDevelopment,A
8736308,CS9821,ComputationalGenomics,A-
8736308,CS2323,DigitalLogic,D+
8736308,CS3080,OperatingSystems,C+
8736308,CS8883,ComputerArchitecture,C+
8429627,CS3666,IntroToCS,C+
8429627,CS6060,Microprocessors,A+
8429627,CS6060,Microprocessors,B-
8251432,EN1289,NumericalAnalysis,B+
8251432,CS3098,Networks,C
8251432,CS6098,SoftwareTesting,C
4382912,EN3245,Matlab,D+
9653376,CS9921,ArtificialIntelligence,F
1728926,CS8883,ComputerArchitecture,B+
8971564,CS8883,ComputerArchitecture,D
3714436,CS2022,AssemblyProgramming,A
5211229,CS8765,ComputingInTheArts,B
5321393,CS7643,TheroyOfComputing,B-
5321393,CS3030,CryptographyFundamentals,C+
8955498,CS3080,OperatingSystems,D-
0605117,CS9090,ComputerSecurity,B-
0605117,CS2024,GameDesign,C-
4962903,CS9821,ComputationalGenomics,D-
3658224,CS8732,ReinforcementLearning,C-
1860925,CS4040,CryptographyIntermediate,C-
1860925,CS1234,RProgramming,C+
1860925,CS8891,Robotics,A
1860925,CS7777,SoftwareEngineering,A
1860925,CS3030,CryptographyFundamentals,C-
1860925,CS3080,OperatingSystems,D+
2326290,EN3456,Analysis,D
4717659,CS9090,ComputerSecurity,D+
4717659,CS2323,DigitalLogic,D
4717659,CS3030,CryptographyFundamentals,B
4717659,EN2234,AppliedLogic,D+
6354301,CS7879,DistributedSystems,D+
6354301,CS1234,RProgramming,D
9762100,CS6799,UnityBasics,D+
1670710,EN4444,ICTFundamentals,C
1670710,CS8833,UnityAdvanced,B
1670710,CS4002,DataStructures,A
3327527,CS9821,ComputationalGenomics,C-
5125418,CS4320,SoftwareAnalysis,B+
8121876,CS7070,QuantumInformationProcessing,C-
8121876,CS4320,SoftwareAnalysis,A-
8121876,CS2019,UNIXToolsAndScripting,D
8121876,CS5001,WebDevelopment,C
7856430,CS7879,DistributedSystems,A+
4006017,CS9091,NLP,C
4219237,CS3030,CryptographyFundamentals,C+
1899165,CS5050,CryptographyAdvanced,C
7765477,CS2023,UIDesign,D+
3207603,CS4320,SoftwareAnalysis,B+
3207603,CS4040,CryptographyIntermediate,B-
1121583,CS9091,NLP,A+
1121583,EN4444,ICTFundamentals,C+
5133426,CS1029,SmartSystems,A-
5383834,CS3912,Cryptocurrencies,A-
5383834,CS2323,DigitalLogic,D-
5537553,CS2021,Algorithms,B
5537553,CS2024,GameDesign,A-
5537553,EN2291,LinearAlgebra,A-
4598423,CS4001,DiscreteMath,B
5927637,CS3030,CryptographyFundamentals,C-
1262355,CS3912,Cryptocurrencies,A-
1262355,EN2099,IntroChemistry,B-
1262355,CS3080,OperatingSystems,C
9942373,BI2288,Economics,D-
9942373,EN1289,NumericalAnalysis,B-
5969784,CS3457,Java,D+
6850814,CS7730,GameDevelopment,F
2000572,CS4002,DataStructures,C-
2962455,CS6799,UnityBasics,C-
6899934,CS6799,UnityBasics,B+
3422028,CS2023,UIDesign,A
6108059,CS6799,UnityBasics,D
4620453,CS9821,ComputationalGenomics,D
4620453,CS3098,Networks,F
3030573,CS1029,SmartSystems,A-
9408041,CS2990,CProgramming,D
3209288,CS1001,Python,B-
2266409,CS1467,ComputerVision,A+
2266409,CS8883,ComputerArchitecture,D
2266409,CS3030,CryptographyFundamentals,A+
9975934,EN2099,IntroChemistry,C
3271212,CS7643,TheroyOfComputing,B+
3271212,CS8883,ComputerArchitecture,A+
2262722,CS6799,UnityBasics,C
9655772,EN3201,Calculus,B-
7550389,CS2024,GameDesign,C
7550389,CS4320,SoftwareAnalysis,B
3172403,EN3456,Analysis,D+
3172403,CS2990,CProgramming,B+
3172403,EN2000,ComplexSystems,C+
3172403,CS1234,RProgramming,D+
1735600,CS2019,UNIXToolsAndScripting,C-
9184574,CS6060,Microprocessors,F
0367057,CS9090,ComputerSecurity,A+
0367057,CS3457,Java,D+
0367057,CS6799,UnityBasics,C+
0367057,CS6799,UnityBasics,B-
0367057,CS3080,OperatingSystems,D
0367057,CS8883,ComputerArchitecture,B
8510492,CS9876,IntroToCognitiveScience,A+
9779633,EN1000,Mechanics,D
1196445,CS2990,CProgramming,D
1196445,CS2990,CProgramming,C-
1196445,EN2000,ComplexSystems,C+
7458113,CS7070,QuantumInformationProcessing,C-
7458113,CS7879,DistributedSystems,C
7458113,CS2023,UIDesign,A-
7458113,CS7879,DistributedSystems,C+
7458113,CS4001,DiscreteMath,B+
4774900,CS7777,SoftwareEngineering,D
1282901,CS4003,DatabaseSystems,C+
1282901,CS3991,JavaAdvanced,B
1282901,CS1029,SmartSystems,A+
1098541,CS4001,DiscreteMath,A
1098541,EN2099,IntroChemistry,B-
1098541,CS3457,Java,A-
1098541,EN2291,LinearAlgebra,A
5223198,EN1000,Mechanics,C+
5223198,CS3457,Java,C
0429709,EN2099,IntroChemistry,C
2102394,CS3098,Networks,B
6152267,IN1121,E-Systems,A+
6152267,CS6060,Microprocessors,C+
7654810,CS4001,DiscreteMath,B
7654810,CS8765,ComputingInTheArts,A
7654810,CS3990,JavaFundamentals,F
7654810,CS8883,ComputerArchitecture,B+
7654810,CS2789,Compilers,A+
7654810,CS3030,CryptographyFundamentals,C+
7654810,CS9001,DataScience,D-
2750163,EN3456,Analysis,B+
7881515,CS2019,UNIXToolsAndScripting,B
7881515,EN5656,Statistics,D
7080867,CS2789,Compilers,B+
6773081,CS1001,Python,B
6773081,CS4001,DiscreteMath,D
2512203,CS8891,Robotics,C-
2512203,CS4040,CryptographyIntermediate,F
2512203,CS9001,DataScience,A
5399551,EN3245,Matlab,C
5399551,CS8732,ReinforcementLearning,B+
6039689,EN1289,NumericalAnalysis,B-
6919754,CS9821,ComputationalGenomics,B-
8736879,CS2015,EmbeddedSystems,B
8736879,CS5600,HCI,F
8736879,CS2023,UXPrinciples,B+
7750220,CS4003,DatabaseSystems,A+
5488516,EN3456,Analysis,C+
2663336,CS6098,SoftwareTesting,C
2663336,CS7879,DistributedSystems,D-
3316505,EN2099,IntroChemistry,F
7156318,CS4003,DatabaseSystems,B
7156318,CS2789,Compilers,C+
9951346,CS1029,SmartSystems,B
9951346,CS8883,ComputerArchitecture,D-
9951346,CS3912,Cryptocurrencies,B
9951346,CS2022,AssemblyProgramming,A
9608108,EN2099,IntroChemistry,B-
4792261,CS3991,JavaAdvanced,D+
6568222,BI2288,Economics,C+
6009046,EN5002,Ciruits,F
5689197,IN1121,E-Systems,B+
9317248,EN2000,ComplexSystems,A
9317248,CS3030,CryptographyFundamentals,D-
9209323,CS9922,MachineLearning,D
4113832,CS3080,OperatingSystems,B
7536544,CS8871,MobileAppDevelopment,C+
7536544,CS3991,JavaAdvanced,B-
7536544,CS4040,CryptographyIntermediate,A+
8912158,EN5002,Ciruits,D
8912158,BI1199,MarketDesign,A+
6893509,CS9922,MachineLearning,D
6893509,CS3666,IntroToCS,B-
4267539,CS8891,Robotics,D-
4267539,EN2234,AppliedLogic,A-
1112132,CS7070,QuantumInformationProcessing,B+
1112132,CS4040,CryptographyIntermediate,C
1112132,CS2991,C++Programming,D
1446489,CS7070,QuantumInformationProcessing,F
2745704,CS1029,SmartSystems,A-
2745704,EN2000,ComplexSystems,B
2745704,IN1121,E-Systems,A-
5234752,CS3030,CryptographyFundamentals,A+
5234752,CS3080,OperatingSystems,B-
9663629,EN1289,NumericalAnalysis,F
8001551,CS9821,ComputationalGenomics,C+
8001551,CS2023,UXPrinciples,B
8001551,CS4003,DatabaseSystems,C+
8001551,CS1029,SmartSystems,C+
8001551,CS7643,TheroyOfComputing,A
8001551,EN2234,AppliedLogic,A+
8001551,EN3245,Matlab,D
8001551,CS2323,DigitalLogic,B-
2661255,CS3666,IntroToCS,B+
2661255,CS5050,CryptographyAdvanced,F
2661255,CS1234,RProgramming,D+
2661255,EN2000,ComplexSystems,B-
6664891,CS1234,RProgramming,D-
6664891,CS6799,UnityBasics,B+
6664891,CS3478,ComputationalLinguistics,F
6664891,CS2018,OOP Fundamentals,C-
6664891,CS9821,ComputationalGenomics,C
2582446,CS8871,MobileAppDevelopment,C-
1009262,CS2789,Compilers,D-
1009262,CS4003,DatabaseSystems,A-
2562221,CS8891,Robotics,B+
2562221,CS7879,DistributedSystems,D
2562221,CS3666,IntroToCS,C+
0509504,CS2789,Compilers,D
0980400,EN2000,ComplexSystems,C
0980400,EN2291,LinearAlgebra,D+
0980400,CS5050,CryptographyAdvanced,A-
0980400,CS4002,DataStructures,B
0980400,CS2022,AssemblyProgramming,F
0525773,CS4321,VisualImaging,C+
5908733,EN2291,LinearAlgebra,A-
5908733,EN5002,Ciruits,C
1265047,BI2288,Economics,D
1265047,CS7777,SoftwareEngineering,F
2923177,CS1001,Python,C
2923177,EN3201,Calculus,D
4025468,CS7777,SoftwareEngineering,D-
4025468,CS8891,Robotics,A+
6446140,CS3098,Networks,C
9402751,CS3478,ComputationalLinguistics,B+
9402751,CS4321,VisualImaging,B-
9402751,CS2323,DigitalLogic,D
0458481,CS2021,Algorithms,F
0280244,CS9091,NLP,B+
0280244,CS1467,ComputerVision,D-
0280244,CS7643,TheroyOfComputing,D
0280244,CS2222,ComputerGraphics,D+
0280244,IN1121,E-Systems,B-
0280244,CS6799,UnityBasics,B
3077645,CS9876,IntroToCognitiveScience,A
9029240,CS9876,IntroToCognitiveScience,B+
9029240,CS3478,ComputationalLinguistics,B-
9029240,CS5001,WebDevelopment,B+
9029240,CS5050,CryptographyAdvanced,A-
4323393,CS3666,IntroToCS,C-
2555464,CS8891,Robotics,C
5886929,CS7730,GameDevelopment,F
7886290,CS2024,GameDesign,B+
7886290,CS3991,JavaAdvanced,B+
7886290,EN2291,LinearAlgebra,B+
7886290,CS7070,QuantumInformationProcessing,C
7593436,CS9090,ComputerSecurity,B+
3883737,CS9001,DataScience,B-
8179141,CS2022,AssemblyProgramming,C
8179141,EN4444,ICTFundamentals,B
0081744,EN2000,ComplexSystems,B+
7669582,CS3991,JavaAdvanced,C
7669582,CS2018,OOP Fundamentals,A+
1701968,CS7070,QuantumInformationProcessing,F
9284356,BI2288,Economics,C-
5703804,IN1121,E-Systems,B-
5703804,BI2288,Economics,B+
5703804,CS2019,UNIXToolsAndScripting,A
3959686,EN2234,AppliedLogic,D+
3959686,CS4320,SoftwareAnalysis,A
6472836,CS3912,Cryptocurrencies,C+
7728923,CS1029,SmartSystems,D-
6774876,CS2990,CProgramming,D
6774876,CS9921,ArtificialIntelligence,A-
4002225,CS7643,TheroyOfComputing,D
1342412,CS9876,IntroToCognitiveScience,F
1617002,CS9921,ArtificialIntelligence,C-
1617002,CS9876,IntroToCognitiveScience,F
9545773,EN2234,AppliedLogic,B-
9545773,BI1199,MarketDesign,B
3284236,CS6799,UnityBasics,B-
6013201,CS2023,UXPrinciples,B-
4120504,EN4444,ICTFundamentals,D
0251260,CS1029,SmartSystems,C-
0251260,CS4321,VisualImaging,C-
0251260,CS3457,Java,A
0251260,CS2021,Algorithms,C
3750628,CS7643,TheroyOfComputing,C
9870150,CS7730,GameDevelopment,D-
1546809,CS2018,OOP Fundamentals,A+
1546809,CS2018,OOP Fundamentals,D
0160162,CS4321,VisualImaging,A
0160162,CS2022,AssemblyProgramming,B
0160162,EN3201,Calculus,A
6587663,CS4321,VisualImaging,D+
6587663,CS3991,JavaAdvanced,D-
3845063,CS9091,NLP,B
1092280,EN3201,Calculus,A+
3194043,CS7643,TheroyOfComputing,C
5811291,CS3457,Java,A-
5811291,CS3912,Cryptocurrencies,B
2833188,CS2023,UIDesign,A+
0304271,CS6060,Microprocessors,D
7150840,BI2288,Economics,C-
7150840,CS8765,ComputingInTheArts,D+
3611625,CS3912,Cryptocurrencies,D+
3611625,EN4444,ICTFundamentals,B+
8570074,CS3030,CryptographyFundamentals,A+
7981437,CS4320,SoftwareAnalysis,C+
7981437,CS3912,Cryptocurrencies,D-
7981437,CS6060,Microprocessors,B
7981437,CS4002,DataStructures,F
7981437,EN3201,Calculus,B-
5426646,EN3245,Matlab,B
2872471,EN4444,ICTFundamentals,C-
9858717,CS7777,SoftwareEngineering,B+
7235674,CS6098,SoftwareTesting,C-
7235674,CS6060,Microprocessors,C
2914714,EN2291,LinearAlgebra,F
5318546,CS9922,MachineLearning,B-
5318546,CS4040,CryptographyIntermediate,D+
5318546,CS8765,ComputingInTheArts,C
5318546,EN5656,Statistics,D+
7316555,CS8871,MobileAppDevelopment,D
2115314,CS8765,ComputingInTheArts,C+
0100980,EN3456,Analysis,D
0100980,CS2990,CProgramming,F
9996706,CS3990,JavaFundamentals,D
9996706,CS2022,AssemblyProgramming,C+
8801652,CS6098,SoftwareTesting,A+
4679597,IN1121,E-Systems,D-
4679597,CS3030,CryptographyFundamentals,A+
4679597,CS2991,C++Programming,C-
4679597,CS9922,MachineLearning,C-
0956160,CS2024,GameDesign,C+
0956160,CS8833,UnityAdvanced,D-
0956160,CS7730,GameDevelopment,A+
5593775,BI2288,Economics,D-
5593775,CS4002,DataStructures,B-
5593775,CS6060,Microprocessors,D-
5593775,BI1199,MarketDesign,B
5593775,EN3245,Matlab,B-
2736347,CS2018,OOP Fundamentals,D
8083439,EN2099,IntroChemistry,C+
8083439,EN3245,Matlab,A+
8083439,CS1234,RProgramming,B-
8083439,CS2018,OOP Fundamentals,D
8083439,CS3457,Java,B+
8083439,CS7879,DistributedSystems,C+
8083439,CS2021,Algorithms,B+
1026516,CS2023,UIDesign,D
1026516,CS9876,IntroToCognitiveScience,B+
8977542,BI2288,Economics,A+
2730880,CS9090,ComputerSecurity,C-
2730880,CS7730,GameDevelopment,B+
2730880,EN1289,NumericalAnalysis,C-
1041824,CS4040,CryptographyIntermediate,D-
1041824,EN1000,Mechanics,A
1041824,CS9921,ArtificialIntelligence,C+
1445769,CS7777,SoftwareEngineering,C-
1445769,CS1234,RProgramming,D
1445769,CS7879,DistributedSystems,D-
9199080,CS3990,JavaFundamentals,C+
4996803,CS3457,Java,C-
4996803,EN5656,Statistics,A
4996803,CS8732,ReinforcementLearning,B-
9643355,CS4321,VisualImaging,A
9643355,CS9091,NLP,A
9643355,CS2323,DigitalLogic,D-
5761388,CS9090,ComputerSecurity,F
9018239,CS5001,WebDevelopment,D
9018239,BI1199,MarketDesign,D-
5536991,EN3201,Calculus,B
5536991,CS5600,HCI,C-
5536991,EN4444,ICTFundamentals,A+
5546687,CS8891,Robotics,B
7669595,EN3456,Analysis,B+
5706340,EN3456,Analysis,D
5706340,CS5600,HCI,B-
5706340,CS7070,QuantumInformationProcessing,C+
5706340,CS2789,Compilers,A-
5706340,EN3456,Analysis,C
5706340,CS7070,QuantumInformationProcessing,F
4657663,CS3666,IntroToCS,A+
4657663,CS4320,SoftwareAnalysis,D+
8683922,CS2323,DigitalLogic,B+
1865753,CS2990,CProgramming,A+
6651499,CS3478,ComputationalLinguistics,B+
8025709,CS1234,RProgramming,D
6846291,CS9922,MachineLearning,C-
3248238,EN3245,Matlab,D
2684122,EN3201,Calculus,A-
3653613,CS1001,Python,A
4920226,CS6799,UnityBasics,A
4920226,CS2990,CProgramming,D
4920226,BI1199,MarketDesign,C+
4920226,EN5656,Statistics,D-
3137969,CS9090,ComputerSecurity,B
3137969,CS7643,TheroyOfComputing,C+
5414869,CS8891,Robotics,A+
5414869,CS5050,CryptographyAdvanced,C-
3821864,CS4002,DataStructures,D
6926810,CS4040,CryptographyIntermediate,B-
8990150,EN2291,LinearAlgebra,D
8749780,CS8871,MobileAppDevelopment,A+
1330876,CS2018,OOP Fundamentals,A+
8043165,CS9922,MachineLearning,D+
8043165,CS4002,DataStructures,C+
8709676,EN5002,Ciruits,B-
8709676,CS2018,OOP Fundamentals,A-
8967787,CS8732,ReinforcementLearning,D+
1937943,CS4321,VisualImaging,C-
1937943,CS3098,Networks,A+
1937943,CS9001,DataScience,C
7203794,EN3245,Matlab,D+
2009547,CS6060,Microprocessors,F
4280021,CS1001,Python,A-
4280021,CS1234,RProgramming,B-
4280021,CS7643,TheroyOfComputing,A+
4280021,CS3912,Cryptocurrencies,B-
8627637,EN2291,LinearAlgebra,A-
8627637,EN4444,ICTFundamentals,C
8627637,EN2234,AppliedLogic,A+
7684300,CS2018,OOP Fundamentals,B-
7684300,CS8833,UnityAdvanced,A-
8546696,CS9921,ArtificialIntelligence,C-
6939423,CS3457,Java,B
4190670,IN1121,E-Systems,B
4190670,CS9821,ComputationalGenomics,D-
7051572,CS9090,ComputerSecurity,D+
7051572,CS2023,UIDesign,B+
2168682,CS2991,C++Programming,D+
2168682,CS8732,ReinforcementLearning,C+
2168682,CS3098,Networks,D
2168682,CS9821,ComputationalGenomics,F
2664993,CS7643,TheroyOfComputing,C+
2664993,EN3456,Analysis,A
2664993,CS2789,Compilers,C+
2664993,CS2015,EmbeddedSystems,B-
9013206,CS2023,UXPrinciples,B
5162887,CS4002,DataStructures,B
5162887,CS7879,DistributedSystems,A+
7474202,CS4320,SoftwareAnalysis,D-
1358508,CS2024,GameDesign,A-
1358508,CS2222,ComputerGraphics,D
9107444,CS2022,AssemblyProgramming,C+
9107444,CS3457,Java,A-
9107444,CS8871,MobileAppDevelopment,D
9107444,CS5600,HCI,F
9107444,BI2288,Economics,B-
9107444,CS5001,WebDevelopment,D+
5353504,EN5002,Ciruits,D
7865257,CS7070,QuantumInformationProcessing,F
7865257,CS2991,C++Programming,D+
7865257,CS2323,DigitalLogic,B+
7865257,CS2222,ComputerGraphics,F
8789411,CS6799,UnityBasics,D
